Tract,Year,CRA Eligible
6001433700,2009,eligible
6001435101,2009,not eligible
6001435101,2009,not eligible
6001435101,2009,not eligible
6001435101,2009,not eligible
6001435101,2009,not eligible
6001435102,2009,not eligible
6001435102,2009,not eligible
6001435102,2009,not eligible
6075011700,2009,eligible
6075026402,2009,eligible
6085505006,2009,not eligible
6085505006,2009,not eligible
6085505006,2009,not eligible
6085512200,2009,not eligible
6085512200,2009,not eligible
6085512200,2009,not eligible
6085512602,2009,eligible
6085512602,2009,eligible
6095252702,2009,not eligible
6095252702,2009,not eligible
6097150500,2009,not eligible
6097150500,2009,not eligible
6097150500,2009,not eligible
6001428000,2009,eligible
6013359203,2009,not eligible
6013359203,2009,not eligible
6013361000,2009,not eligible
6013361000,2009,not eligible
6013361000,2009,not eligible
6013361000,2009,not eligible
6055201900,2009,not eligible
6075010500,2009,not eligible
6075026002,2009,eligible
6075035100,2009,not eligible
6085504202,2009,not eligible
6085504202,2009,not eligible
6085504202,2009,not eligible
6085504417,2009,not eligible
6085504417,2009,not eligible
6085504417,2009,not eligible
6085504602,2009,eligible
6085504602,2009,eligible
6085504602,2009,eligible
6085504602,2009,eligible
6085504602,2009,eligible
6085512001,2009,not eligible
6085512001,2009,not eligible
6097151201,2009,not eligible
6097151201,2009,not eligible
6097151201,2009,not eligible
6097151201,2009,not eligible
6001403100,2009,eligible
6001423500,2009,eligible
6095252305,2009,not eligible
6095252305,2009,not eligible
6095250400,2009,not eligible
6095250400,2009,not eligible
6085512700,2009,not eligible
6085512700,2009,not eligible
6085512700,2009,not eligible
6097152400,2009,not eligible
6097152400,2009,not eligible
6097152400,2009,not eligible
6001428400,2009,not eligible
6081610601,2009,eligible
6001402500,2009,eligible
6001400900,2009,eligible
6001408700,2009,eligible
6085503708,2009,eligible
6081601700,2009,not eligible
6075030202,2009,not eligible
6075010100,2009,eligible
6075060501,2009,not eligible
6075045100,2009,eligible
6075045200,2009,not eligible
6081606300,2009,not eligible
6085504001,2009,eligible
6085504001,2009,eligible
6085504001,2009,eligible
6095251902,2009,not eligible
6001403000,2009,eligible
6013313202,2009,not eligible
6013313202,2009,not eligible
6013313202,2009,not eligible
6013313202,2009,not eligible
6001420500,2009,not eligible
6001401800,2009,eligible
6013314102,2009,not eligible
6013314102,2009,not eligible
6013314102,2009,not eligible
6013369001,2009,eligible
6075033202,2009,eligible
6081610203,2009,eligible
6085501000,2009,eligible
6085503218,2009,eligible
6001402100,2009,eligible
6013315000,2009,not eligible
6013315000,2009,not eligible
6013315000,2009,not eligible
6013315000,2009,not eligible
6085504413,2009,not eligible
6085505402,2009,not eligible
6013318000,2009,not eligible
6013318000,2009,not eligible
6085510802,2009,not eligible
6095252609,2009,eligible
6095252609,2009,eligible
6095252609,2009,eligible
6097151401,2009,not eligible
6097151401,2009,not eligible
6001441503,2009,not eligible
6001441503,2009,not eligible
6013322000,2009,not eligible
6013322000,2009,not eligible
6013334004,2009,not eligible
6085512015,2009,not eligible
6085512508,2009,eligible
6013307205,2009,not eligible
6013307205,2009,not eligible
6001406100,2009,eligible
6001407800,2009,not eligible
6001423602,2009,eligible
6001427100,2009,not eligible
6001428200,2009,not eligible
6001433800,2009,eligible
6001433800,2009,eligible
6001436800,2009,not eligible
6001437100,2009,not eligible
6001437100,2009,not eligible
6001437100,2009,not eligible
6001440100,2009,not eligible
6001440100,2009,not eligible
6001440100,2009,not eligible
6001440100,2009,not eligible
6013313103,2009,not eligible
6013313103,2009,not eligible
6013313103,2009,not eligible
6013303200,2009,not eligible
6013303200,2009,not eligible
6013303200,2009,not eligible
6013304000,2009,not eligible
6013304000,2009,not eligible
6013304000,2009,not eligible
6013304000,2009,not eligible
6013357000,2009,not eligible
6013357000,2009,not eligible
6013357000,2009,not eligible
6013358000,2009,eligible
6013358000,2009,eligible
6013358000,2009,eligible
6013358000,2009,eligible
6041104101,2009,not eligible
6041104200,2009,not eligible
6041104200,2009,not eligible
6041107000,2009,not eligible
6041107000,2009,not eligible
6041110100,2009,not eligible
6041110100,2009,not eligible
6041119200,2009,not eligible
6041119200,2009,not eligible
6041128100,2009,not eligible
6075020300,2009,not eligible
6097153705,2009,not eligible
6097153705,2009,not eligible
6097153705,2009,not eligible
6097153706,2009,not eligible
6097153706,2009,not eligible
6097153706,2009,not eligible
6055200202,2009,eligible
6075015100,2009,not eligible
6081601502,2009,eligible
6075016400,2009,eligible
6075017602,2009,eligible
6075025200,2009,not eligible
6075025800,2009,eligible
6075025900,2009,not eligible
6075035201,2009,not eligible
6075042700,2009,not eligible
6097154000,2009,not eligible
6097154000,2009,not eligible
6075060700,2009,eligible
6081604400,2009,not eligible
6081604400,2009,not eligible
6085500902,2009,eligible
6081608300,2009,not eligible
6081610100,2009,eligible
6085500600,2009,not eligible
6085512401,2009,not eligible
6085512401,2009,not eligible
6085512401,2009,not eligible
6085512401,2009,not eligible
6085512402,2009,not eligible
6085512402,2009,not eligible
6085512402,2009,not eligible
6085512507,2009,not eligible
6085512507,2009,not eligible
6095250102,2009,not eligible
6095250102,2009,not eligible
6085501300,2009,not eligible
6085502002,2009,eligible
6085502002,2009,eligible
6085502002,2009,eligible
6097154301,2009,not eligible
6097154301,2009,not eligible
6001435300,2009,not eligible
6001435300,2009,not eligible
6085503504,2009,eligible
6085503703,2009,eligible
6085503804,2009,not eligible
6085503804,2009,not eligible
6085503804,2009,not eligible
6085504201,2009,not eligible
6085504201,2009,not eligible
6085504201,2009,not eligible
6085504418,2009,eligible
6085505302,2009,not eligible
6085506605,2009,not eligible
6085506605,2009,not eligible
6095251702,2009,eligible
6097152702,2009,not eligible
6097152702,2009,not eligible
6097152702,2009,not eligible
6097152702,2009,not eligible
6097152901,2009,not eligible
6097152901,2009,not eligible
6097153300,2009,not eligible
6097153300,2009,not eligible
6097153300,2009,not eligible
6085511100,2009,not eligible
6085512005,2009,not eligible
6095251803,2009,not eligible
6095251803,2009,not eligible
6095251804,2009,not eligible
6095251804,2009,not eligible
6095252102,2009,not eligible
6095252102,2009,not eligible
6097153600,2009,not eligible
6097153600,2009,not eligible
6097153703,2009,eligible
6097153703,2009,eligible
6097153703,2009,eligible
6095252309,2009,not eligible
6095252309,2009,not eligible
6095252309,2009,not eligible
6095252401,2009,eligible
6095252800,2009,eligible
6095252800,2009,eligible
6095252908,2009,not eligible
6097153704,2009,eligible
6097153704,2009,eligible
6095253105,2009,eligible
6095253300,2009,not eligible
6095253300,2009,not eligible
6095253300,2009,not eligible
6095253500,2009,not eligible
6095253500,2009,not eligible
6097150100,2009,not eligible
6097150100,2009,not eligible
6097150100,2009,not eligible
6097150202,2009,not eligible
6097150202,2009,not eligible
6097150302,2009,eligible
6097150302,2009,eligible
6097150302,2009,eligible
6097150302,2009,eligible
6097150303,2009,not eligible
6097150303,2009,not eligible
6097150303,2009,not eligible
6097150303,2009,not eligible
6097151309,2009,not eligible
6097151309,2009,not eligible
6097152201,2009,not eligible
6097152203,2009,not eligible
6013355200,2009,not eligible
6013355200,2009,not eligible
6013355200,2009,not eligible
6013355200,2009,not eligible
6075026401,2009,eligible
6075047702,2009,not eligible
6075013100,2009,not eligible
6075011100,2009,eligible
6001400500,2009,eligible
6001400600,2009,eligible
6075031300,2009,not eligible
6001422400,2009,eligible
6001401300,2009,eligible
6075023300,2009,not eligible
6001403200,2009,not eligible
6001407600,2009,eligible
6001407700,2009,eligible
6001422500,2009,not eligible
6001423601,2009,not eligible
6001437700,2009,eligible
6001437800,2009,not eligible
6075033100,2009,not eligible
6081610602,2009,not eligible
6001404100,2009,not eligible
6085505305,2009,not eligible
6085502201,2009,eligible
6085502201,2009,eligible
6001405500,2009,eligible
6001405700,2009,eligible
6075033201,2009,eligible
6001430700,2009,not eligible
6001435500,2009,eligible
6001435500,2009,eligible
6001434000,2009,eligible
6081611000,2009,not eligible
6085505007,2009,not eligible
6085505007,2009,not eligible
6001437500,2009,eligible
6001404900,2009,not eligible
6001406600,2009,eligible
6075021800,2009,not eligible
6013377000,2009,eligible
6013383000,2009,not eligible
6013383000,2009,not eligible
6075061000,2009,eligible
6085503111,2009,eligible
6085504507,2009,not eligible
6085506603,2009,not eligible
6085506603,2009,not eligible
6095253402,2009,eligible
6095253402,2009,eligible
6001400300,2009,not eligible
6001400400,2009,not eligible
6001400100,2009,not eligible
6001400700,2009,eligible
6001400800,2009,eligible
6001401200,2009,not eligible
6001408200,2009,eligible
6001422300,2009,not eligible
6001409000,2009,eligible
6001409000,2009,eligible
6001409200,2009,eligible
6001409800,2009,not eligible
6001420300,2009,not eligible
6001421700,2009,not eligible
6001421800,2009,not eligible
6001421900,2009,not eligible
6001422000,2009,eligible
6001423700,2009,not eligible
6001423700,2009,not eligible
6001423902,2009,not eligible
6001424001,2009,eligible
6001427300,2009,not eligible
6001427800,2009,not eligible
6001427900,2009,not eligible
6001438201,2009,not eligible
6001431200,2009,not eligible
6001431200,2009,not eligible
6001432100,2009,not eligible
6001432200,2009,not eligible
6075025402,2009,not eligible
6075025403,2009,eligible
6001436100,2009,not eligible
6001436900,2009,eligible
6001437600,2009,not eligible
6075026100,2009,not eligible
6075026302,2009,not eligible
6075026200,2009,not eligible
6001402900,2009,eligible
6013314104,2009,eligible
6013314104,2009,eligible
6013314103,2009,eligible
6013314103,2009,eligible
6013314103,2009,eligible
6013328000,2009,eligible
6013329000,2009,not eligible
6013330000,2009,not eligible
6013331000,2009,not eligible
6013336101,2009,eligible
6013336102,2009,eligible
6013336200,2009,eligible
6013336200,2009,eligible
6075026303,2009,eligible
6013367100,2009,not eligible
6013367100,2009,not eligible
6013373000,2009,eligible
6013373000,2009,eligible
6013367200,2009,eligible
6013367200,2009,eligible
6013367200,2009,eligible
6013369002,2009,eligible
6013369002,2009,eligible
6013369002,2009,eligible
6013369002,2009,eligible
6055200203,2009,eligible
6055200300,2009,not eligible
6055200300,2009,not eligible
6055200400,2009,not eligible
6055200400,2009,not eligible
6055200501,2009,eligible
6075023200,2009,eligible
6075018000,2009,eligible
6075020100,2009,eligible
6075031100,2009,not eligible
6075031200,2009,not eligible
6081600300,2009,not eligible
6081600300,2009,not eligible
6081600300,2009,not eligible
6081606000,2009,not eligible
6081606000,2009,not eligible
6081600400,2009,not eligible
6081605900,2009,not eligible
6081606100,2009,not eligible
6081606200,2009,eligible
6081610400,2009,not eligible
6081607800,2009,not eligible
6081610304,2009,not eligible
6081610304,2009,not eligible
6081610304,2009,not eligible
6081610304,2009,not eligible
6081610302,2009,eligible
6081610302,2009,eligible
6081610303,2009,not eligible
6081610700,2009,eligible
6081610700,2009,eligible
6085500901,2009,eligible
6085502101,2009,not eligible
6085502101,2009,not eligible
6085502101,2009,not eligible
6085502102,2009,eligible
6085502102,2009,eligible
6085503113,2009,eligible
6085502202,2009,not eligible
6085502202,2009,not eligible
6001402200,2009,eligible
6085504416,2009,not eligible
6085502910,2009,not eligible
6085503001,2009,not eligible
6085503211,2009,not eligible
6085503508,2009,not eligible
6085503509,2009,not eligible
6085503510,2009,eligible
6085503511,2009,not eligible
6085503601,2009,eligible
6085504318,2009,eligible
6085504319,2009,not eligible
6085504319,2009,not eligible
6085504414,2009,not eligible
6085504415,2009,not eligible
6095252502,2009,eligible
6095252502,2009,eligible
6095252502,2009,eligible
6085505005,2009,not eligible
6085505005,2009,not eligible
6085505005,2009,not eligible
6085505304,2009,not eligible
6085505100,2009,not eligible
6085505100,2009,not eligible
6001402600,2009,eligible
6085505500,2009,not eligible
6001423400,2009,eligible
6085505600,2009,eligible
6085506000,2009,not eligible
6085506302,2009,not eligible
6085506204,2009,not eligible
6085506301,2009,not eligible
6085506301,2009,not eligible
6095251100,2009,eligible
6095251100,2009,eligible
6085506502,2009,not eligible
6085506503,2009,eligible
6085506601,2009,not eligible
6085506601,2009,not eligible
6085506601,2009,not eligible
6095251802,2009,eligible
6095251802,2009,eligible
6001422700,2009,eligible
6085509500,2009,not eligible
6001422800,2009,eligible
6001423000,2009,not eligible
6085509000,2009,eligible
6001420200,2009,not eligible
6085509102,2009,not eligible
6085509102,2009,not eligible
6085509201,2009,not eligible
6085509201,2009,not eligible
6085509202,2009,not eligible
6085509303,2009,not eligible
6001401100,2009,eligible
6001422100,2009,eligible
6085509801,2009,not eligible
6085512014,2009,not eligible
6001401000,2009,eligible
6085512016,2009,not eligible
6085512016,2009,not eligible
6085512601,2009,eligible
6095250800,2009,eligible
6095250800,2009,eligible
6097150304,2009,not eligible
6097150304,2009,not eligible
6001402000,2009,not eligible
6097151402,2009,eligible
6097151402,2009,eligible
6097151402,2009,eligible
6001401500,2009,eligible
6001403300,2009,eligible
6001408600,2009,eligible
6001401700,2009,eligible
6001401900,2009,not eligible
6001403400,2009,eligible
6001403500,2009,eligible
6001403600,2009,not eligible
6001403900,2009,eligible
6001404000,2009,eligible
6001403700,2009,not eligible
6001403800,2009,not eligible
6001405300,2009,eligible
6001404800,2009,not eligible
6001405000,2009,not eligible
6001405600,2009,eligible
6001405200,2009,not eligible
6001406000,2009,eligible
6001408300,2009,not eligible
6001408400,2009,eligible
6001406400,2009,eligible
6001410400,2009,eligible
6001406700,2009,not eligible
6001406800,2009,not eligible
6001406900,2009,not eligible
6001407000,2009,eligible
6095252604,2009,eligible
6001409700,2009,eligible
6001407300,2009,eligible
6001407900,2009,not eligible
6001409900,2009,not eligible
6001410000,2009,not eligible
6001410000,2009,not eligible
6001410100,2009,eligible
6001410200,2009,eligible
6001422900,2009,eligible
6001422200,2009,not eligible
6001423100,2009,eligible
6001423200,2009,eligible
6001421600,2009,not eligible
6001423300,2009,eligible
6081600800,2009,eligible
6001423901,2009,not eligible
6001427500,2009,
6001427600,2009,eligible
6001425100,2009,not eligible
6001427400,2009,eligible
6001426200,2009,not eligible
6001427200,2009,eligible
6001427700,2009,not eligible
6001428100,2009,not eligible
6001436300,2009,eligible
6001436300,2009,eligible
6001428301,2009,not eligible
6001430900,2009,eligible
6095253107,2009,not eligible
6001431000,2009,eligible
6001430500,2009,not eligible
6001430600,2009,not eligible
6095252605,2009,eligible
6001430800,2009,not eligible
6001436700,2009,eligible
6001432300,2009,eligible
6001436200,2009,eligible
6001436200,2009,eligible
6001431100,2009,not eligible
6001432400,2009,not eligible
6001432500,2009,not eligible
6001432600,2009,eligible
6001432700,2009,not eligible
6001432800,2009,not eligible
6001432800,2009,not eligible
6001433102,2009,not eligible
6001433000,2009,not eligible
6001433101,2009,eligible
6095252606,2009,eligible
6001433200,2009,not eligible
6001433200,2009,not eligible
6001433400,2009,not eligible
6001433600,2009,not eligible
6001433600,2009,not eligible
6001433900,2009,eligible
6075032600,2009,not eligible
6001435400,2009,eligible
6001435800,2009,not eligible
6001435600,2009,eligible
6001435600,2009,eligible
6075032700,2009,not eligible
6001435700,2009,not eligible
6001435700,2009,not eligible
6001435700,2009,not eligible
6001436601,2009,eligible
6001436602,2009,eligible
6001437000,2009,not eligible
6001437900,2009,eligible
6001436401,2009,not eligible
6001436401,2009,not eligible
6001436500,2009,eligible
6075060502,2009,eligible
6001437200,2009,not eligible
6001437200,2009,not eligible
6075035202,2009,eligible
6001437400,2009,not eligible
6001438202,2009,not eligible
6081600900,2009,not eligible
6081600900,2009,not eligible
6001438000,2009,not eligible
6001438000,2009,not eligible
6001438000,2009,not eligible
6001440200,2009,eligible
6095252607,2009,eligible
6001440301,2009,not eligible
6095252608,2009,eligible
6001440308,2009,not eligible
6001440309,2009,not eligible
6013316000,2009,eligible
6013388000,2009,not eligible
6095252703,2009,not eligible
6095252703,2009,not eligible
6095252703,2009,not eligible
6013307201,2009,eligible
6013307202,2009,eligible
6055202000,2009,eligible
6075021400,2009,not eligible
6075021500,2009,not eligible
6013310000,2009,eligible
6013311000,2009,eligible
6075015300,2009,not eligible
6013312000,2009,eligible
6013338100,2009,not eligible
6013338100,2009,not eligible
6013338100,2009,not eligible
6075022600,2009,not eligible
6075015400,2009,not eligible
6075022701,2009,not eligible
6013301000,2009,eligible
6013301000,2009,eligible
6075022702,2009,not eligible
6013302002,2009,not eligible
6013302002,2009,not eligible
6013302002,2009,not eligible
6075022703,2009,eligible
6013302003,2009,not eligible
6013302003,2009,not eligible
6013302004,2009,not eligible
6013302004,2009,not eligible
6013303100,2009,eligible
6013303100,2009,eligible
6013303100,2009,eligible
6013303100,2009,eligible
6075015500,2009,eligible
6013305000,2009,eligible
6013305000,2009,eligible
6013305000,2009,eligible
6013306001,2009,eligible
6013306001,2009,eligible
6013376000,2009,eligible
6013306002,2009,not eligible
6013306002,2009,not eligible
6013306002,2009,not eligible
6075026001,2009,eligible
6013307101,2009,not eligible
6013307102,2009,eligible
6013307204,2009,not eligible
6075022802,2009,eligible
6075022901,2009,eligible
6075022902,2009,eligible
6013308001,2009,not eligible
6013308002,2009,not eligible
6013309000,2009,not eligible
6013309000,2009,not eligible
6013309000,2009,not eligible
6075022903,2009,eligible
6013313101,2009,eligible
6013313102,2009,not eligible
6075023001,2009,eligible
6013313201,2009,not eligible
6013313201,2009,not eligible
6095250502,2009,not eligible
6095250502,2009,not eligible
6095250502,2009,not eligible
6013314200,2009,eligible
6013314200,2009,eligible
6013317000,2009,eligible
6013317000,2009,eligible
6013333200,2009,not eligible
6013319000,2009,not eligible
6013319000,2009,not eligible
6013319000,2009,not eligible
6013320001,2009,not eligible
6013320001,2009,not eligible
6013320001,2009,not eligible
6095252706,2009,not eligible
6095252706,2009,not eligible
6013320002,2009,not eligible
6013320002,2009,not eligible
6013320002,2009,not eligible
6081602200,2009,eligible
6013321200,2009,not eligible
6013321200,2009,not eligible
6013321200,2009,not eligible
6075023003,2009,eligible
6095252707,2009,not eligible
6095252707,2009,not eligible
6095252707,2009,not eligible
6075015600,2009,not eligible
6013324000,2009,not eligible
6013324000,2009,not eligible
6013324000,2009,not eligible
6013324000,2009,not eligible
6013324000,2009,not eligible
6075017800,2009,eligible
6075023400,2009,eligible
6013327000,2009,eligible
6013327000,2009,eligible
6013327000,2009,eligible
6013327000,2009,eligible
6013334001,2009,eligible
6013334005,2009,not eligible
6095250601,2009,not eligible
6095250601,2009,not eligible
6013335000,2009,not eligible
6013337100,2009,not eligible
6013337200,2009,not eligible
6013337300,2009,not eligible
6013337300,2009,not eligible
6013337300,2009,not eligible
6075025100,2009,eligible
6013389100,2009,not eligible
6075025300,2009,not eligible
6075025401,2009,eligible
6095251200,2009,eligible
6013389200,2009,eligible
6095251300,2009,not eligible
6075025500,2009,eligible
6013356001,2009,not eligible
6013356001,2009,not eligible
6013356001,2009,not eligible
6013356001,2009,not eligible
6013359101,2009,not eligible
6013359101,2009,not eligible
6013359101,2009,not eligible
6013359101,2009,not eligible
6075025600,2009,not eligible
6075025700,2009,eligible
6075026003,2009,not eligible
6075026004,2009,eligible
6075026301,2009,eligible
6013362000,2009,not eligible
6013362000,2009,not eligible
6075060900,2009,eligible
6013363000,2009,not eligible
6013363000,2009,not eligible
6013363000,2009,not eligible
6013364001,2009,not eligible
6013364001,2009,not eligible
6013364002,2009,not eligible
6013364002,2009,not eligible
6013365001,2009,eligible
6013365001,2009,eligible
6013365002,2009,eligible
6013365002,2009,eligible
6013366001,2009,eligible
6013366001,2009,eligible
6013370000,2009,not eligible
6013370000,2009,not eligible
6013370000,2009,not eligible
6013371000,2009,eligible
6013378000,2009,not eligible
6013378000,2009,not eligible
6075030101,2009,not eligible
6075047701,2009,eligible
6013379000,2009,eligible
6013380000,2009,not eligible
6013381000,2009,eligible
6013382000,2009,eligible
6013382000,2009,eligible
6075030201,2009,not eligible
6013386000,2009,not eligible
6013386000,2009,not eligible
6075047800,2009,not eligible
6041105000,2009,eligible
6041105000,2009,eligible
6075047901,2009,not eligible
6041101200,2009,not eligible
6041101200,2009,not eligible
6081601100,2009,not eligible
6041102201,2009,not eligible
6041103200,2009,not eligible
6041103200,2009,not eligible
6081601200,2009,not eligible
6081601200,2009,not eligible
6081601200,2009,not eligible
6041104102,2009,eligible
6081600200,2009,eligible
6081600200,2009,eligible
6041104300,2009,not eligible
6041104300,2009,not eligible
6075015700,2009,not eligible
6075047600,2009,not eligible
6041106001,2009,not eligible
6041106001,2009,not eligible
6041106001,2009,not eligible
6041112100,2009,not eligible
6041112100,2009,not eligible
6041106002,2009,not eligible
6041106002,2009,not eligible
6041106002,2009,not eligible
6075016300,2009,eligible
6075016500,2009,eligible
6075016600,2009,not eligible
6075016700,2009,not eligible
6075016800,2009,eligible
6055200201,2009,not eligible
6041110200,2009,not eligible
6041110200,2009,not eligible
6055200502,2009,not eligible
6041111000,2009,not eligible
6075017700,2009,eligible
6041112200,2009,eligible
6055200503,2009,eligible
6055200600,2009,not eligible
6055200600,2009,not eligible
6085504410,2009,not eligible
6085504803,2009,not eligible
6075010200,2009,not eligible
6041121200,2009,not eligible
6041121200,2009,not eligible
6041121200,2009,not eligible
6075010300,2009,not eligible
6075010400,2009,not eligible
6075010600,2009,eligible
6075010700,2009,eligible
6075010800,2009,eligible
6075010900,2009,not eligible
6075011000,2009,eligible
6041129000,2009,eligible
6041130200,2009,not eligible
6041130200,2009,not eligible
6041130200,2009,not eligible
6041131000,2009,not eligible
6041131000,2009,not eligible
6041131000,2009,not eligible
6055200701,2009,not eligible
6055200701,2009,not eligible
6055200702,2009,not eligible
6055200702,2009,not eligible
6075011200,2009,not eligible
6075011300,2009,eligible
6055200802,2009,not eligible
6055200802,2009,not eligible
6055201001,2009,not eligible
6055201001,2009,not eligible
6055201001,2009,not eligible
6055201002,2009,eligible
6055201002,2009,eligible
6055201002,2009,eligible
6055201100,2009,not eligible
6055201100,2009,not eligible
6055201400,2009,not eligible
6055201400,2009,not eligible
6075011500,2009,eligible
6075011900,2009,eligible
6075012000,2009,eligible
6081601000,2009,not eligible
6081601000,2009,not eligible
6075012200,2009,eligible
6075017901,2009,not eligible
6075020200,2009,eligible
6081601300,2009,eligible
6081601300,2009,eligible
6081601400,2009,not eligible
6081601501,2009,not eligible
6075015200,2009,not eligible
6081601601,2009,eligible
6081601601,2009,eligible
6081601601,2009,eligible
6075015800,2009,eligible
6075015900,2009,eligible
6075016000,2009,eligible
6075016900,2009,not eligible
6075017100,2009,not eligible
6081601604,2009,not eligible
6081601605,2009,not eligible
6075020600,2009,not eligible
6075020700,2009,not eligible
6075020800,2009,eligible
6075020900,2009,eligible
6075021000,2009,eligible
6081601900,2009,not eligible
6075030900,2009,not eligible
6081602000,2009,not eligible
6081602000,2009,not eligible
6081602100,2009,eligible
6075021100,2009,not eligible
6075060400,2009,not eligible
6081600700,2009,eligible
6081602300,2009,not eligible
6081602300,2009,not eligible
6081602300,2009,not eligible
6075060600,2009,eligible
6075040100,2009,not eligible
6075040200,2009,not eligible
6075042600,2009,not eligible
6081600100,2009,not eligible
6081600100,2009,not eligible
6081600100,2009,not eligible
6081600100,2009,not eligible
6081600500,2009,not eligible
6081600500,2009,not eligible
6081600600,2009,eligible
6075060300,2009,eligible
6081602700,2009,not eligible
6081604101,2009,eligible
6081604101,2009,eligible
6081602800,2009,not eligible
6081602800,2009,not eligible
6081604102,2009,not eligible
6081604102,2009,not eligible
6085504802,2009,not eligible
6085504802,2009,not eligible
6081603900,2009,not eligible
6081603900,2009,not eligible
6081604000,2009,not eligible
6081604200,2009,not eligible
6081604200,2009,not eligible
6081604200,2009,not eligible
6081604300,2009,
6081607600,2009,not eligible
6081607500,2009,not eligible
6081607701,2009,not eligible
6081607900,2009,not eligible
6081608004,2009,not eligible
6081608502,2009,not eligible
6081608013,2009,not eligible
6081608023,2009,not eligible
6081610202,2009,eligible
6081608400,2009,eligible
6081608501,2009,not eligible
6081608600,2009,not eligible
6081608600,2009,not eligible
6081609100,2009,not eligible
6081609100,2009,not eligible
6081609100,2009,not eligible
6081609300,2009,not eligible
6081610800,2009,eligible
6081610900,2009,not eligible
6081610000,2009,not eligible
6081610201,2009,eligible
6081610500,2009,eligible
6081610500,2009,eligible
6081611300,2009,not eligible
6081611300,2009,not eligible
6081611500,2009,not eligible
6081611400,2009,not eligible
6081611600,2009,not eligible
6081611700,2009,eligible
6081611700,2009,eligible
6081611800,2009,eligible
6081611800,2009,eligible
6081611900,2009,eligible
6081611900,2009,eligible
6081612000,2009,eligible
6081612100,2009,eligible
6081612100,2009,eligible
6081612200,2009,not eligible
6085500100,2009,eligible
6085500200,2009,eligible
6085500400,2009,not eligible
6085500300,2009,eligible
6085500500,2009,not eligible
6085500500,2009,not eligible
6085503217,2009,eligible
6085503217,2009,eligible
6085503709,2009,eligible
6085503709,2009,eligible
6085501200,2009,eligible
6085501400,2009,eligible
6085501502,2009,eligible
6085501600,2009,eligible
6085501700,2009,eligible
6085501800,2009,eligible
6085501900,2009,eligible
6085501900,2009,eligible
6085501900,2009,eligible
6085509403,2009,eligible
6085502001,2009,eligible
6085502001,2009,eligible
6085502001,2009,eligible
6085503003,2009,not eligible
6085502300,2009,not eligible
6085503306,2009,eligible
6085502400,2009,not eligible
6085502500,2009,not eligible
6085502602,2009,not eligible
6085502602,2009,not eligible
6085504412,2009,not eligible
6085503002,2009,not eligible
6085503103,2009,eligible
6085503103,2009,eligible
6085503106,2009,eligible
6085503108,2009,eligible
6085503108,2009,eligible
6085503116,2009,not eligible
6085503115,2009,eligible
6085503115,2009,eligible
6085503204,2009,eligible
6085503204,2009,eligible
6085503204,2009,eligible
6085503207,2009,not eligible
6085503207,2009,not eligible
6085503208,2009,not eligible
6085503208,2009,not eligible
6085503210,2009,eligible
6085503210,2009,eligible
6085503212,2009,not eligible
6085503213,2009,eligible
6085503213,2009,eligible
6085503304,2009,eligible
6085503305,2009,not eligible
6085503317,2009,not eligible
6085503321,2009,not eligible
6085503321,2009,not eligible
6085503402,2009,eligible
6085503506,2009,eligible
6085503507,2009,not eligible
6085503706,2009,eligible
6085503802,2009,not eligible
6085503802,2009,not eligible
6085503802,2009,not eligible
6085503900,2009,eligible
6085503900,2009,eligible
6085503900,2009,eligible
6085503900,2009,eligible
6085504101,2009,eligible
6085504101,2009,eligible
6085504101,2009,eligible
6085504102,2009,eligible
6085504102,2009,eligible
6085504102,2009,eligible
6085504102,2009,eligible
6085504310,2009,not eligible
6085504311,2009,not eligible
6085504504,2009,eligible
6085504505,2009,not eligible
6085504505,2009,not eligible
6085504506,2009,not eligible
6085504700,2009,eligible
6085504700,2009,eligible
6085504700,2009,eligible
6085504601,2009,eligible
6085504601,2009,eligible
6085504601,2009,eligible
6085504805,2009,not eligible
6085504805,2009,not eligible
6085504806,2009,not eligible
6085505001,2009,not eligible
6085505001,2009,not eligible
6085509404,2009,eligible
6085505202,2009,eligible
6085505202,2009,eligible
6085505203,2009,not eligible
6085505203,2009,not eligible
6085505301,2009,eligible
6085505301,2009,eligible
6085505303,2009,eligible
6085505700,2009,eligible
6085505700,2009,eligible
6085505800,2009,not eligible
6085505800,2009,not eligible
6085505900,2009,not eligible
6085505900,2009,not eligible
6085506202,2009,not eligible
6085506304,2009,not eligible
6085506305,2009,eligible
6085506401,2009,eligible
6085506401,2009,eligible
6085506402,2009,eligible
6085506402,2009,eligible
6085506501,2009,eligible
6085506501,2009,eligible
6085506501,2009,eligible
6085506606,2009,not eligible
6085506606,2009,not eligible
6085506702,2009,not eligible
6085508506,2009,not eligible
6085508506,2009,not eligible
6085508703,2009,not eligible
6085508900,2009,eligible
6085508704,2009,not eligible
6085508704,2009,not eligible
6085508704,2009,not eligible
6085508800,2009,not eligible
6085509108,2009,not eligible
6085509302,2009,not eligible
6085509302,2009,not eligible
6085509304,2009,not eligible
6085509304,2009,not eligible
6085509401,2009,not eligible
6085509401,2009,not eligible
6085509401,2009,not eligible
6085510400,2009,not eligible
6085510400,2009,not eligible
6085510500,2009,not eligible
6085511000,2009,not eligible
6085510801,2009,not eligible
6085511200,2009,not eligible
6085511200,2009,not eligible
6095251701,2009,eligible
6095251701,2009,eligible
6085511500,2009,not eligible
6085511500,2009,not eligible
6095252306,2009,not eligible
6095252306,2009,not eligible
6085511604,2009,
6085511605,2009,
6085511606,2009,eligible
6085512018,2009,eligible
6095252902,2009,not eligible
6095252902,2009,not eligible
6085512002,2009,not eligible
6085512023,2009,eligible
6085512017,2009,not eligible
6085512024,2009,not eligible
6085512019,2009,not eligible
6085512020,2009,not eligible
6085512020,2009,not eligible
6085512021,2009,not eligible
6085512022,2009,eligible
6085512025,2009,not eligible
6085512025,2009,not eligible
6085512026,2009,not eligible
6085512026,2009,not eligible
6085512027,2009,eligible
6085512027,2009,eligible
6085512029,2009,not eligible
6085512505,2009,eligible
6085512505,2009,eligible
6095250200,2009,eligible
6095250200,2009,eligible
6085512033,2009,not eligible
6085512033,2009,not eligible
6095250300,2009,not eligible
6095250501,2009,not eligible
6095250501,2009,not eligible
6085512503,2009,not eligible
6085512503,2009,not eligible
6085512506,2009,eligible
6085512506,2009,eligible
6095250101,2009,not eligible
6095250603,2009,not eligible
6095250603,2009,not eligible
6095250603,2009,not eligible
6095250701,2009,eligible
6095250701,2009,eligible
6095250702,2009,not eligible
6095250702,2009,not eligible
6095251400,2009,not eligible
6095251500,2009,eligible
6095251901,2009,not eligible
6095251903,2009,not eligible
6095252402,2009,not eligible
6095252402,2009,not eligible
6095252402,2009,not eligible
6095252103,2009,not eligible
6095252308,2009,not eligible
6095252308,2009,not eligible
6095252308,2009,not eligible
6095252201,2009,not eligible
6095252201,2009,not eligible
6095252201,2009,not eligible
6095252201,2009,not eligible
6095252202,2009,not eligible
6095252202,2009,not eligible
6095252202,2009,not eligible
6095252307,2009,not eligible
6095252307,2009,not eligible
6095253106,2009,not eligible
6095252904,2009,not eligible
6095252904,2009,not eligible
6095252904,2009,not eligible
6095253401,2009,not eligible
6095253401,2009,not eligible
6095253101,2009,not eligible
6095253101,2009,not eligible
6095253202,2009,not eligible
6095253202,2009,not eligible
6097151204,2009,not eligible
6097151204,2009,not eligible
6097151301,2009,not eligible
6097151301,2009,not eligible
6097151305,2009,eligible
6097151306,2009,not eligible
6097151307,2009,not eligible
6097151307,2009,not eligible
6097151308,2009,not eligible
6097151310,2009,not eligible
6097151310,2009,not eligible
6097151310,2009,not eligible
6097152000,2009,eligible
6097151800,2009,not eligible
6097151900,2009,eligible
6097152100,2009,eligible
6097152802,2009,eligible
6097152903,2009,not eligible
6097152903,2009,not eligible
6097152801,2009,not eligible
6097152801,2009,not eligible
6097152904,2009,not eligible
6097152904,2009,not eligible
6097153001,2009,not eligible
6097153001,2009,not eligible
6097153002,2009,eligible
6097153002,2009,eligible
6097153003,2009,not eligible
6097153003,2009,not eligible
6097153003,2009,not eligible
6097153006,2009,not eligible
6097153006,2009,not eligible
6097153101,2009,eligible
6097153101,2009,eligible
6097153101,2009,eligible
6097153102,2009,eligible
6097153102,2009,eligible
6097153200,2009,not eligible
6097153200,2009,not eligible
6097153200,2009,not eligible
6097154302,2009,not eligible
6097154302,2009,not eligible
6097154302,2009,not eligible
